id,source_id,subject,property,claim,value_text,value_number,unit,locator,quotation,evidence_basis,evidence_class,confidence,date_start,date_end,uncertainty,alternative_group,tags,review_status,created_by,model_used,response_id,source_sha256_at_creation
EVID-ETEM-BASE,SRC-PEDERSEN-2023,Etemenanki,lower footprint,"The lower footprint is reconstructed as approximately 91.5 metres square.",approximately 91.5 m square,91.5,m,"article discussion and reconstruction plan",,mixed,B,0.90,-604,-562,"Verify the exact plan, metrology, and publication locator against a permitted copy.",,Etemenanki;dimensions,needs_review,manual_seed,,,
EVID-ETEM-CORE,SRC-PEDERSEN-2023,Etemenanki,core and mantle,"The lower structure is interpreted as a roughly 60 metre core with a mantle of approximately 15 metres on each side.",60 m core plus approximately 15 m mantle,60,m,"article reconstruction discussion",,mixed,B,0.82,-604,-562,"The starter converts a textual interpretation into a symmetric mass; verify phase relationships.",,Etemenanki;construction,needs_review,manual_seed,,,
EVID-ETEM-HEIGHT,SRC-PEDERSEN-2023,Etemenanki,total height,"One reconstruction interprets the tower as approximately 90 metres high.",approximately 90 m,90,m,"article 3D reconstruction discussion",,mixed,B,0.62,-604,-562,"Upper stages, circulation, and summit architecture remain interpretive.",ETEMENANKI-HEIGHT,Etemenanki;height;alternative,needs_review,manual_seed,,,
EVID-ISHTAR-DIMENSIONS,SRC-PEDERSEN-ISHTAR,Ishtar Gate,overall dimensions,"Published digital reconstruction work constrains the gate complex to an overall length around 50 metres, with distinct front and main gate masses.",approximately 50 m overall,50,m,"digital reconstruction publication; verify exact figure",,mixed,B,0.82,-604,-562,"The numerical subdimensions in the preview require exact figure-level confirmation.",,Ishtar Gate;dimensions,needs_review,manual_seed,,,
EVID-ISHTAR-MATERIAL,SRC-KOLDEWEY-1914,Ishtar Gate,facade material,"The ceremonial facade used glazed baked brick with moulded animal figures.",glazed baked brick with moulded animals,,,"Ishtar Gate excavation discussion and plates",,mixed,B,0.86,-604,-562,"Color distribution and restoration boundaries require object-level and museum documentation.",,Ishtar Gate;material;decoration,needs_review,manual_seed,,,
EVID-PROCESSIONAL-WIDTH,SRC-PEDERSEN-ISHTAR,Processional Way,monumental width,"The monumental section is represented in the starter at approximately 20 metres wide.",approximately 20 m,20,m,"digital model and plan discussion; verify exact measured segment",,mixed,B,0.70,-604,-562,"Width may vary by segment and must be tied to a georeferenced plan.",,Processional Way;width,needs_review,manual_seed,,,
EVID-SCHEMATIC-PLACEMENT,SRC-SCHEMATIC-DEMO,Babylon starter,feature placement,"All local coordinates and relative placements in the starter are schematic placeholders.",schematic placement,,,"items 1 and 5",,metadata,C,0.25,-604,-562,"Must be replaced with georeferenced archaeological plans.",,starter;placement;warning,needs_review,manual_seed,,,
EVID-HOUSE-COMPARATIVE,SRC-SCHEMATIC-DEMO,Residential districts,procedural houses,"Procedural house footprints, density, orientation, and height are placeholders rather than excavated building plans.",procedural placeholders,,,"items 2",,comparative,C,0.20,-604,-562,"Use excavated parcel and street plans before publication.",,residential;procedural;warning,needs_review,manual_seed,,,
EVID-WALL-COMPARATIVE,SRC-SCHEMATIC-DEMO,Inner wall,wall geometry,"The wall circuit, thickness, height, and gate relationships in the starter are schematic placeholders.",schematic wall,,,"items 4",,comparative,C,0.18,-604,-562,"Replace with phase-specific georeferenced wall plans and sections.",,walls;procedural;warning,needs_review,manual_seed,,,
